frequency,amplitude,linewidth,frequency_sd,amplitude_sd,linewidth_sd,convergence,height,AIC,n,l
74.91349531032566,81.6579104961184,NA,1.7782796934937218e-4,2.3107837211386872,NA,0,267645.46431791893,358.6526758343143,NA,NA
75.08007579037123,66.32585031673223,NA,1.435095274845676e-4,2.0607205448219164,NA,0,176574.91885507814,100.82147537045148,NA,NA
78.70465080947054,0.7394365138278967,NA,0.0014475770376115083,0.38161844121842065,NA,0,21.946493835948196,9.961496536121558,NA,NA
82.75754127424283,0.47919490411828586,0.001982561980963027,0.002030017195327287,0.23564901753822956,0.00194099548568553,0,36.867843538393934,22.149206814151512,NA,NA
83.13768120083861,0.5466714373116777,0.001982561980963027,0.0016050805683041375,0.1839813254236762,0.0012019823718915838,0,47.98175405996657,51.92324857632775,NA,NA
