frequency,linewidth,height,snr,AIC,amplitude
75.0003197399565,0.020251099913650344,10859.990082432976,12908.226842797341,275519.49208384834,26.285361781253172
78.70374552042198,0.003962867498789445,14.7591865850825,5.394400967334298,13.725333501970454,0.428657990517889
82.75610220953945,0.003962867498789445,21.53587630870221,8.019925158052226,39.677893973763275,0.5177987363760793
83.13675410988708,0.005841278988458356,34.450687449385384,16.082591254058705,73.37092360785937,0.7951111748121629
85.3651537765055,0.003962867498789445,6.236602929358205,2.184243717979794,11.20966600554857,0.2786466071324873
86.33264402322239,0.005841278988458356,6.461757735153242,2.7765922413715276,5.300285039380469,0.3443532979579246
