frequency,linewidth,height,snr,AIC,amplitude
15.289380589998416,0.03930925336902314,157.8689128517926,215.20185149796737,4850.843978057223,4.415405995062073
16.689056769528467,0.03930925336902314,81.12207040068708,106.99612397534297,2019.2065980990847,3.165132147404616
