frequency,amplitude,linewidth,frequency_sd,amplitude_sd,linewidth_sd,convergence,height,AIC,n,l
5.079343066583819,2.5365474596601234,0.004361649279682411,0.003696446629036145,0.961256648155843,0.0033224517001564807,0,469.5538127463617,235.54824463776322,NA,NA
5.1398061883107,1.4981611133523953,0.004361649279682411,NA,0.5365091410350206,0.0026745693780538,0,163.80095396694176,2.2585702880594454,NA,NA
