frequency,linewidth,height,snr,AIC,amplitude
99.43107591474912,0.004667687349282801,95.47328179872578,NA,6.800133801428274,1.1832233763441085
100.39976640916042,NA,10.916078560895448,NA,2.0764087994093643,0.4000913314309111
