frequency,linewidth,height,snr,AIC,amplitude
99.6224510960067,0.03185146168069117,3455.3670647671393,4531.587709416239,58687.08741923928,18.594594613815687
