frequency,linewidth,height,snr,AIC,amplitude
15.101254547724725,NA,15.40013093253544,NA,18.32503981620812,0.43798937581582054
15.225939176762633,0.003965088327280597,250.86774988807352,NA,145.72185351320286,1.7677619702199279
15.289380589999142,0.00396508832728415,885.5905842165052,NA,1008.4381379386373,3.3213746347480275
15.348856914908374,0.00396508832728415,263.02157211280104,NA,168.74027217685352,1.8100770170929585
15.475739741381396,0.003965088327280597,22.760876758375186,NA,17.58409764880753,0.532470881475074
16.625615356293153,0.00396508832728415,123.21393381246641,NA,105.69782714756047,1.238885817154436
16.689056769529664,0.00396508832728415,392.4221353800568,NA,732.0001458623005,2.2109459096995416
16.748533094438887,0.003965088327280597,124.54903398689224,NA,122.73226608423602,1.2455797847136902
16.873784306865055,NA,11.520552954225035,NA,9.455892919632788,0.3788244764607871
