frequency,linewidth,height,snr,AIC,amplitude
4.869186650409656,0.003962878732729305,5.708962459408473,1.9907141352823912,2.5773714584256595,0.266599248787638
5.091234250102616,0.003962878732729305,153.8845318816582,63.16815719928715,1139.3380901689252,1.3841329634966189
