frequency,linewidth,height,snr,AIC,amplitude
101.02945614530236,0.007637445550683541,8.264883654485423,4.151079198274113,18.403925530263223,0.4453150491062111
