frequency,linewidth,height,snr,AIC,amplitude
129.26287225527844,0.2010230820166956,1.701194722044447,4.3634555187168225,24.200591178960167,1.0365133814840872
