frequency,linewidth,height,snr,AIC,amplitude
155.19036700234187,0.24340466230432972,3.0696427125540797,8.95926455896204,153.8482667041535,1.5320865405727297
